{"cameraMode":{"drawMode":0,"name":"Shaded","section":"Shading Mode"},"sceneLighting":false,"audioPlay":false,"sceneViewState":{"showFog":false,"showMaterialUpdate":false,"showSkybox":false,"showFlares":false,"showImageEffects":false,"showParticleSystems":true},"in2DMode":false,"pivot":{"x":0.23212242126464845,"y":7.394522190093994,"z":500.969970703125},"rotation":{"x":0.03610933944582939,"y":0.9536688923835754,"z":-0.2701062858104706,"w":0.12749257683753968},"size":34.37820053100586,"orthographic":true}