{"cameraMode":{"drawMode":0,"name":"Shaded","section":"Shading Mode"},"sceneLighting":false,"audioPlay":false,"sceneViewState":{"showFog":false,"showMaterialUpdate":false,"showSkybox":false,"showFlares":false,"showImageEffects":false,"showParticleSystems":true},"in2DMode":false,"pivot":{"x":-19.266408920288087,"y":24.437103271484376,"z":792.596923828125},"rotation":{"x":-0.10113141685724259,"y":0.8389252424240112,"z":-0.16700387001037599,"w":-0.5080223679542542},"size":34.39390563964844,"orthographic":true}