{"cameraMode":{"drawMode":0,"name":"Shaded","section":"Shading Mode"},"sceneLighting":false,"audioPlay":false,"sceneViewState":{"showFog":false,"showMaterialUpdate":false,"showSkybox":false,"showFlares":false,"showImageEffects":false,"showParticleSystems":true},"in2DMode":false,"pivot":{"x":-33.29999923706055,"y":2.9000000953674318,"z":72.69999694824219},"rotation":{"x":0.21696314215660096,"y":-0.10082755237817764,"z":0.02253609150648117,"w":0.9706971645355225},"size":50.04130554199219,"orthographic":true}