{"cameraMode":{"drawMode":0,"name":"Shaded","section":"Shading Mode"},"sceneLighting":false,"audioPlay":false,"sceneViewState":{"showFog":false,"showMaterialUpdate":false,"showSkybox":false,"showFlares":false,"showImageEffects":false,"showParticleSystems":true},"in2DMode":false,"pivot":{"x":19.903179168701173,"y":107.49073028564453,"z":-158.6198272705078},"rotation":{"x":-0.14666765928268434,"y":-0.13016881048679353,"z":0.01947334222495556,"w":-0.9803904891014099},"size":349.00640869140627,"orthographic":true}