{"cameraMode":{"drawMode":0,"name":"Shaded","section":"Shading Mode"},"sceneLighting":false,"audioPlay":false,"sceneViewState":{"showFog":false,"showMaterialUpdate":false,"showSkybox":false,"showFlares":false,"showImageEffects":false,"showParticleSystems":true},"in2DMode":false,"pivot":{"x":-21.300954818725587,"y":7.166465759277344,"z":2.458466053009033},"rotation":{"x":-0.25453734397888186,"y":0.41671571135520937,"z":-0.12276669591665268,"w":-0.8639948964118958},"size":35.95330047607422,"orthographic":true}