{"cameraMode":{"drawMode":0,"name":"Shaded","section":"Shading Mode"},"sceneLighting":false,"audioPlay":false,"sceneViewState":{"showFog":false,"showMaterialUpdate":false,"showSkybox":false,"showFlares":false,"showImageEffects":false,"showParticleSystems":true},"in2DMode":false,"pivot":{"x":-8.2294921875,"y":24.95263671875,"z":-2054.380859375},"rotation":{"x":-0.13094067573547364,"y":0.7577157616615295,"z":-0.16031339764595033,"w":-0.6188869476318359},"size":9.219110488891602,"orthographic":true}