{"cameraMode":{"drawMode":0,"name":"Shaded","section":"Shading Mode"},"sceneLighting":false,"audioPlay":false,"sceneViewState":{"showFog":false,"showMaterialUpdate":false,"showSkybox":false,"showFlares":false,"showImageEffects":false,"showParticleSystems":true},"in2DMode":false,"pivot":{"x":-0.2474536895751953,"y":59.630226135253909,"z":-13.503493309020996},"rotation":{"x":-0.3499390780925751,"y":-0.17060630023479463,"z":0.06497510522603989,"w":-0.9188113808631897},"size":262.19989013671877,"orthographic":true}