{"cameraMode":{"drawMode":0,"name":"Shaded","section":"Shading Mode"},"sceneLighting":false,"audioPlay":false,"sceneViewState":{"showFog":false,"showMaterialUpdate":false,"showSkybox":false,"showFlares":false,"showImageEffects":false,"showParticleSystems":true},"in2DMode":false,"pivot":{"x":-4.898439407348633,"y":-2.614898920059204,"z":-25.147048950195314},"rotation":{"x":-0.030586130917072297,"y":-0.9677520990371704,"z":0.20323555171489716,"w":-0.1456562578678131},"size":49.787845611572269,"orthographic":true}