{"cameraMode":{"drawMode":0,"name":"Shaded","section":"Shading Mode"},"sceneLighting":false,"audioPlay":false,"sceneViewState":{"showFog":false,"showMaterialUpdate":false,"showSkybox":false,"showFlares":false,"showImageEffects":false,"showParticleSystems":true},"in2DMode":false,"pivot":{"x":15.173086166381836,"y":6.384407043457031,"z":-8.007085800170899},"rotation":{"x":-0.018548907712101938,"y":-0.9390648007392883,"z":-0.05132580175995827,"w":0.33938029408454897},"size":33.02595901489258,"orthographic":true}