{"cameraMode":{"drawMode":0,"name":"Shaded","section":"Shading Mode"},"sceneLighting":false,"audioPlay":false,"sceneViewState":{"showFog":false,"showMaterialUpdate":false,"showSkybox":false,"showFlares":false,"showImageEffects":false,"showParticleSystems":true},"in2DMode":false,"pivot":{"x":-18.70807647705078,"y":27.616172790527345,"z":-1458.42333984375},"rotation":{"x":0.1038886308670044,"y":-0.8881471157073975,"z":0.24723650515079499,"w":0.373197078704834},"size":107.97003173828125,"orthographic":true}