{"cameraMode":{"drawMode":0,"name":"Shaded","section":"Shading Mode"},"sceneLighting":false,"audioPlay":false,"sceneViewState":{"showFog":false,"showMaterialUpdate":false,"showSkybox":false,"showFlares":false,"showImageEffects":false,"showParticleSystems":true},"in2DMode":false,"pivot":{"x":-29.153310775756837,"y":5.284186363220215,"z":-4.29017972946167},"rotation":{"x":0.22071966528892518,"y":-0.1421990841627121,"z":0.03254534676671028,"w":0.964366614818573},"size":15.605514526367188,"orthographic":true}