{"cameraMode":{"drawMode":0,"name":"Shaded","section":"Shading Mode"},"sceneLighting":false,"audioPlay":false,"sceneViewState":{"showFog":false,"showMaterialUpdate":false,"showSkybox":false,"showFlares":false,"showImageEffects":false,"showParticleSystems":true},"in2DMode":false,"pivot":{"x":-0.135137677192688,"y":3.1584324836730959,"z":87.90557098388672},"rotation":{"x":-0.14980493485927583,"y":0.7695344686508179,"z":-0.19567495584487916,"w":-0.5891405940055847},"size":12.42151165008545,"orthographic":true}