{"cameraMode":{"drawMode":0,"name":"Shaded","section":"Shading Mode"},"sceneLighting":false,"audioPlay":false,"sceneViewState":{"showFog":false,"showMaterialUpdate":false,"showSkybox":false,"showFlares":false,"showImageEffects":false,"showParticleSystems":true},"in2DMode":false,"pivot":{"x":-4.672391414642334,"y":-1.2873988151550294,"z":100.03385925292969},"rotation":{"x":0.21405258774757386,"y":-0.04920628294348717,"z":0.010796711780130864,"w":0.9755223393440247},"size":27.72011375427246,"orthographic":true}