{"cameraMode":{"drawMode":0,"name":"Shaded","section":"Shading Mode"},"sceneLighting":false,"audioPlay":false,"sceneViewState":{"showFog":false,"showMaterialUpdate":false,"showSkybox":false,"showFlares":false,"showImageEffects":false,"showParticleSystems":true},"in2DMode":false,"pivot":{"x":5.073939323425293,"y":8.027867317199707,"z":-9.666512489318848},"rotation":{"x":0.16648827493190766,"y":-0.0915587767958641,"z":0.015528175048530102,"w":0.9816606044769287},"size":47.99345016479492,"orthographic":true}