{"cameraMode":{"drawMode":0,"name":"Shaded","section":"Shading Mode"},"sceneLighting":false,"audioPlay":false,"sceneViewState":{"showFog":false,"showMaterialUpdate":false,"showSkybox":false,"showFlares":false,"showImageEffects":false,"showParticleSystems":true},"in2DMode":false,"pivot":{"x":-10.914493560791016,"y":27.174854278564454,"z":-837.9884033203125},"rotation":{"x":0.21273145079612733,"y":0.11897363513708115,"z":-0.026090657338500024,"w":0.9694894552230835},"size":180.95176696777345,"orthographic":true}