{"cameraMode":{"drawMode":0,"name":"Shaded","section":"Shading Mode"},"sceneLighting":false,"audioPlay":false,"sceneViewState":{"showFog":false,"showMaterialUpdate":false,"showSkybox":false,"showFlares":false,"showImageEffects":false,"showParticleSystems":true},"in2DMode":false,"pivot":{"x":-6.046116352081299,"y":24.437150955200197,"z":-47.32019805908203},"rotation":{"x":0.1457471400499344,"y":-0.8534821271896362,"z":0.3728768825531006,"w":0.33359983563423159},"size":51.154720306396487,"orthographic":true}