{"cameraMode":{"drawMode":0,"name":"Shaded","section":"Shading Mode"},"sceneLighting":false,"audioPlay":false,"sceneViewState":{"showFog":false,"showMaterialUpdate":false,"showSkybox":false,"showFlares":false,"showImageEffects":false,"showParticleSystems":true},"in2DMode":false,"pivot":{"x":23.304168701171876,"y":7.135414123535156,"z":-459.4808044433594},"rotation":{"x":0.2083701342344284,"y":0.028747064992785455,"z":-0.006132498849183321,"w":0.977608323097229},"size":996.0015869140625,"orthographic":true}