{"cameraMode":{"drawMode":0,"name":"Shaded","section":"Shading Mode"},"sceneLighting":false,"audioPlay":false,"sceneViewState":{"showFog":false,"showMaterialUpdate":false,"showSkybox":false,"showFlares":false,"showImageEffects":false,"showParticleSystems":true},"in2DMode":false,"pivot":{"x":-44.42823028564453,"y":19.918039321899415,"z":78.65335083007813},"rotation":{"x":0.24323523044586183,"y":-0.04740716516971588,"z":0.011903377249836922,"w":0.9687349796295166},"size":85.98714447021485,"orthographic":true}