{"cameraMode":{"drawMode":0,"name":"Shaded","section":"Shading Mode"},"sceneLighting":false,"audioPlay":false,"sceneViewState":{"showFog":false,"showMaterialUpdate":false,"showSkybox":false,"showFlares":false,"showImageEffects":false,"showParticleSystems":true},"in2DMode":false,"pivot":{"x":-4.388671875,"y":0.1512775421142578,"z":-6.8582611083984379},"rotation":{"x":0.03488633409142494,"y":0.9650646448135376,"z":-0.17860518395900727,"w":0.18850305676460267},"size":27.190391540527345,"orthographic":true}