{"cameraMode":{"drawMode":0,"name":"Shaded","section":"Shading Mode"},"sceneLighting":false,"audioPlay":false,"sceneViewState":{"showFog":false,"showMaterialUpdate":false,"showSkybox":false,"showFlares":false,"showImageEffects":false,"showParticleSystems":true},"in2DMode":false,"pivot":{"x":2.4686193466186525,"y":15.513662338256836,"z":-964.7371215820313},"rotation":{"x":0.08142653107643128,"y":0.9032197594642639,"z":-0.19761614501476289,"w":0.3721715211868286},"size":26.90589141845703,"orthographic":true}