{"cameraMode":{"drawMode":0,"name":"Shaded","section":"Shading Mode"},"sceneLighting":false,"audioPlay":false,"sceneViewState":{"showFog":false,"showMaterialUpdate":false,"showSkybox":false,"showFlares":false,"showImageEffects":false,"showParticleSystems":true},"in2DMode":false,"pivot":{"x":108.5999984741211,"y":-34.900001525878909,"z":61.79999923706055},"rotation":{"x":0.19416265189647675,"y":0.10279026627540589,"z":-0.02046232856810093,"w":0.9753545522689819},"size":22.0,"orthographic":true}