{"cameraMode":{"drawMode":0,"name":"Shaded","section":"Shading Mode"},"sceneLighting":true,"audioPlay":false,"sceneViewState":{"showFog":false,"showMaterialUpdate":false,"showSkybox":false,"showFlares":false,"showImageEffects":false,"showParticleSystems":true},"in2DMode":false,"pivot":{"x":16.296836853027345,"y":-4.456818580627441,"z":9.016529083251954},"rotation":{"x":0.21835458278656007,"y":0.05617596581578255,"z":-0.012591552920639515,"w":0.974169909954071},"size":23.01612091064453,"orthographic":true}