{"cameraMode":{"drawMode":0,"name":"Shaded","section":"Shading Mode"},"sceneLighting":false,"audioPlay":false,"sceneViewState":{"showFog":false,"showMaterialUpdate":false,"showSkybox":false,"showFlares":false,"showImageEffects":false,"showParticleSystems":true},"in2DMode":false,"pivot":{"x":4.619394302368164,"y":2.176072597503662,"z":54.71277618408203},"rotation":{"x":0.1654432713985443,"y":-0.5106885433197022,"z":0.10086600482463837,"w":0.8376466035842896},"size":11.828717231750489,"orthographic":true}