{"cameraMode":{"drawMode":0,"name":"Shaded","section":"Shading Mode"},"sceneLighting":false,"audioPlay":false,"sceneViewState":{"showFog":false,"showMaterialUpdate":false,"showSkybox":false,"showFlares":false,"showImageEffects":false,"showParticleSystems":true},"in2DMode":false,"pivot":{"x":-5.071910858154297,"y":0.4200003743171692,"z":34.49932861328125},"rotation":{"x":0.19308912754058839,"y":-0.029430512338876725,"z":0.0057944031432271,"w":0.9807226657867432},"size":260.8420715332031,"orthographic":true}