{"cameraMode":{"drawMode":0,"name":"Shaded","section":"Shading Mode"},"sceneLighting":false,"audioPlay":false,"sceneViewState":{"showFog":false,"showMaterialUpdate":false,"showSkybox":false,"showFlares":false,"showImageEffects":false,"showParticleSystems":true},"in2DMode":false,"pivot":{"x":-18.84695053100586,"y":3.2820351123809816,"z":74.53834533691406},"rotation":{"x":0.1059691458940506,"y":-0.5172857642173767,"z":0.06473691761493683,"w":0.8467556834220886},"size":33.60013961791992,"orthographic":true}