{"cameraMode":{"drawMode":0,"name":"Shaded","section":"Shading Mode"},"sceneLighting":false,"audioPlay":false,"sceneViewState":{"showFog":false,"showMaterialUpdate":false,"showSkybox":false,"showFlares":false,"showImageEffects":false,"showParticleSystems":true},"in2DMode":false,"pivot":{"x":108.9000015258789,"y":-32.459373474121097,"z":62.09062576293945},"rotation":{"x":0.19407080113887788,"y":0.28096091747283938,"z":-0.058124519884586337,"w":0.9380933046340942},"size":3.4080793857574465,"orthographic":true}