{"cameraMode":{"drawMode":0,"name":"Shaded","section":"Shading Mode"},"sceneLighting":false,"audioPlay":false,"sceneViewState":{"showFog":false,"showMaterialUpdate":false,"showSkybox":false,"showFlares":false,"showImageEffects":false,"showParticleSystems":true},"in2DMode":false,"pivot":{"x":29.65999984741211,"y":4.199999809265137,"z":25.399999618530275},"rotation":{"x":-0.25453734397888186,"y":0.41671571135520937,"z":-0.12276669591665268,"w":-0.8639948964118958},"size":22.0,"orthographic":true}