{"cameraMode":{"drawMode":0,"name":"Shaded","section":"Shading Mode"},"sceneLighting":false,"audioPlay":false,"sceneViewState":{"showFog":false,"showMaterialUpdate":false,"showSkybox":false,"showFlares":false,"showImageEffects":false,"showParticleSystems":true},"in2DMode":false,"pivot":{"x":-3.1820125579833986,"y":269.1534729003906,"z":-911.4845581054688},"rotation":{"x":0.4018794596195221,"y":0.14731405675411225,"z":-0.0656796395778656,"w":0.901375412940979},"size":474.9510498046875,"orthographic":true}