{"cameraMode":{"drawMode":0,"name":"Shaded","section":"Shading Mode"},"sceneLighting":false,"audioPlay":false,"sceneViewState":{"showFog":false,"showMaterialUpdate":false,"showSkybox":false,"showFlares":false,"showImageEffects":false,"showParticleSystems":true},"in2DMode":false,"pivot":{"x":17.591304779052736,"y":17.70000457763672,"z":-1197.753173828125},"rotation":{"x":0.1422109454870224,"y":0.17131073772907258,"z":-0.02499607764184475,"w":0.974578857421875},"size":93.19926452636719,"orthographic":true}