{"cameraMode":{"drawMode":0,"name":"Shaded","section":"Shading Mode"},"sceneLighting":false,"audioPlay":false,"sceneViewState":{"showFog":false,"showMaterialUpdate":false,"showSkybox":false,"showFlares":false,"showImageEffects":false,"showParticleSystems":true},"in2DMode":false,"pivot":{"x":-138.5,"y":20.39999771118164,"z":97.26514434814453},"rotation":{"x":0.36209923028945925,"y":0.3597021698951721,"z":-0.1539430022239685,"w":0.8460496664047241},"size":55.365299224853519,"orthographic":true}