{"cameraMode":{"drawMode":0,"name":"Shaded","section":"Shading Mode"},"sceneLighting":false,"audioPlay":false,"sceneViewState":{"showFog":false,"showMaterialUpdate":false,"showSkybox":false,"showFlares":false,"showImageEffects":false,"showParticleSystems":true},"in2DMode":false,"pivot":{"x":5.361400604248047,"y":4.940305709838867,"z":-2072.781005859375},"rotation":{"x":0.15080642700195313,"y":0.19668784737586976,"z":-0.030632629990577699,"w":0.968314528465271},"size":69.20645904541016,"orthographic":true}