{"cameraMode":{"drawMode":0,"name":"Shaded","section":"Shading Mode"},"sceneLighting":true,"audioPlay":false,"sceneViewState":{"showFog":false,"showMaterialUpdate":false,"showSkybox":false,"showFlares":false,"showImageEffects":false,"showParticleSystems":true},"in2DMode":false,"pivot":{"x":3.6728334426879885,"y":14.295549392700196,"z":-1327.80810546875},"rotation":{"x":0.183450847864151,"y":-0.21194709837436677,"z":0.04054158553481102,"w":0.9590519666671753},"size":51.847434997558597,"orthographic":true}