{"cameraMode":{"drawMode":0,"name":"Shaded","section":"Shading Mode"},"sceneLighting":false,"audioPlay":false,"sceneViewState":{"showFog":false,"showMaterialUpdate":false,"showSkybox":false,"showFlares":false,"showImageEffects":false,"showParticleSystems":true},"in2DMode":false,"pivot":{"x":9.905426025390625,"y":6.8040008544921879,"z":57.88725280761719},"rotation":{"x":0.1823991984128952,"y":0.703206479549408,"z":-0.1946181058883667,"w":0.6590561270713806},"size":68.4604263305664,"orthographic":true}