{"cameraMode":{"drawMode":0,"name":"Shaded","section":"Shading Mode"},"sceneLighting":false,"audioPlay":false,"sceneViewState":{"showFog":false,"showMaterialUpdate":false,"showSkybox":false,"showFlares":false,"showImageEffects":false,"showParticleSystems":true},"in2DMode":false,"pivot":{"x":-4.059463977813721,"y":2.9580612182617189,"z":1.5104964971542359},"rotation":{"x":0.19072794914245606,"y":-0.030916158109903337,"z":0.006009906530380249,"w":0.9811375737190247},"size":14.442087173461914,"orthographic":true}