{"cameraMode":{"drawMode":0,"name":"Shaded","section":"Shading Mode"},"sceneLighting":false,"audioPlay":false,"sceneViewState":{"showFog":false,"showMaterialUpdate":false,"showSkybox":false,"showFlares":false,"showImageEffects":false,"showParticleSystems":true},"in2DMode":false,"pivot":{"x":22.043243408203126,"y":34.79798889160156,"z":1606.4644775390625},"rotation":{"x":-0.19268517196178437,"y":-0.3144858181476593,"z":0.06535510718822479,"w":-0.9272000193595886},"size":86.96997833251953,"orthographic":true}