{"cameraMode":{"drawMode":0,"name":"Shaded","section":"Shading Mode"},"sceneLighting":false,"audioPlay":false,"sceneViewState":{"showFog":false,"showMaterialUpdate":false,"showSkybox":false,"showFlares":false,"showImageEffects":false,"showParticleSystems":true},"in2DMode":false,"pivot":{"x":-20.540977478027345,"y":7.888818740844727,"z":-29.292499542236329},"rotation":{"x":0.24643437564373017,"y":-0.0023245366755872967,"z":0.0005910035688430071,"w":0.9691565036773682},"size":54.46768569946289,"orthographic":true}