{"cameraMode":{"drawMode":0,"name":"Shaded","section":"Shading Mode"},"sceneLighting":false,"audioPlay":false,"sceneViewState":{"showFog":false,"showMaterialUpdate":false,"showSkybox":false,"showFlares":false,"showImageEffects":false,"showParticleSystems":true},"in2DMode":false,"pivot":{"x":5.709613800048828,"y":22.653785705566408,"z":-1461.03173828125},"rotation":{"x":0.07005566358566284,"y":-0.29900693893432619,"z":0.022016776725649835,"w":0.9514212608337402},"size":95.71134185791016,"orthographic":true}