{"cameraMode":{"drawMode":0,"name":"Shaded","section":"Shading Mode"},"sceneLighting":false,"audioPlay":false,"sceneViewState":{"showFog":false,"showMaterialUpdate":false,"showSkybox":false,"showFlares":false,"showImageEffects":false,"showParticleSystems":true},"in2DMode":false,"pivot":{"x":-6.238109111785889,"y":0.2868666648864746,"z":102.921875},"rotation":{"x":0.18447518348693849,"y":-0.6331627368927002,"z":0.15897807478904725,"w":0.7347107529640198},"size":9.624574661254883,"orthographic":true}