{"cameraMode":{"drawMode":0,"name":"Shaded","section":"Shading Mode"},"sceneLighting":false,"audioPlay":false,"sceneViewState":{"showFog":false,"showMaterialUpdate":false,"showSkybox":false,"showFlares":false,"showImageEffects":false,"showParticleSystems":true},"in2DMode":false,"pivot":{"x":-112.83838653564453,"y":204.30877685546876,"z":1283.4630126953125},"rotation":{"x":-0.1786816120147705,"y":0.8045106530189514,"z":-0.29869404435157778,"w":-0.48126646876335146},"size":36.10077667236328,"orthographic":true}