{"cameraMode":{"drawMode":0,"name":"Shaded","section":"Shading Mode"},"sceneLighting":false,"audioPlay":false,"sceneViewState":{"showFog":false,"showMaterialUpdate":false,"showSkybox":false,"showFlares":false,"showImageEffects":false,"showParticleSystems":true},"in2DMode":false,"pivot":{"x":-5.534708023071289,"y":262.9388427734375,"z":-977.3601684570313},"rotation":{"x":0.00887924525886774,"y":-0.16218172013759614,"z":-0.00146635586861521,"w":-0.9867199063301086},"size":37.5179443359375,"orthographic":true}