{"cameraMode":{"drawMode":0,"name":"Shaded","section":"Shading Mode"},"sceneLighting":false,"audioPlay":false,"sceneViewState":{"showFog":false,"showMaterialUpdate":false,"showSkybox":false,"showFlares":false,"showImageEffects":false,"showParticleSystems":true},"in2DMode":false,"pivot":{"x":95.40093994140625,"y":166.99581909179688,"z":-1537.19091796875},"rotation":{"x":-0.0019169033039361239,"y":0.9181447625160217,"z":-0.3962157368659973,"w":-0.004437923431396484},"size":17.700109481811525,"orthographic":true}