{"cameraMode":{"drawMode":0,"name":"Shaded","section":"Shading Mode"},"sceneLighting":false,"audioPlay":false,"sceneViewState":{"showFog":false,"showMaterialUpdate":false,"showSkybox":false,"showFlares":false,"showImageEffects":false,"showParticleSystems":true},"in2DMode":false,"pivot":{"x":19.35310935974121,"y":61.264766693115237,"z":-150.6455078125},"rotation":{"x":0.014646210707724095,"y":-0.984684407711029,"z":0.1397686004638672,"w":0.10318359732627869},"size":32.726600646972659,"orthographic":false}