{"cameraMode":{"drawMode":0,"name":"Shaded","section":"Shading Mode"},"sceneLighting":false,"audioPlay":false,"sceneViewState":{"showFog":false,"showMaterialUpdate":false,"showSkybox":false,"showFlares":false,"showImageEffects":false,"showParticleSystems":true},"in2DMode":false,"pivot":{"x":-26.96768569946289,"y":28.464740753173829,"z":-1037.0174560546875},"rotation":{"x":0.16109928488731385,"y":-0.23154032230377198,"z":0.03891179710626602,"w":0.9586042165756226},"size":3449.296630859375,"orthographic":true}