{"cameraMode":{"drawMode":0,"name":"Shaded","section":"Shading Mode"},"sceneLighting":false,"audioPlay":false,"sceneViewState":{"showFog":false,"showMaterialUpdate":false,"showSkybox":false,"showFlares":false,"showImageEffects":false,"showParticleSystems":true},"in2DMode":false,"pivot":{"x":4.379274368286133,"y":99.52552032470703,"z":-954.0369262695313},"rotation":{"x":-0.3934183418750763,"y":-0.15250396728515626,"z":0.06635313481092453,"w":-0.904191255569458},"size":215.9164581298828,"orthographic":true}