{"cameraMode":{"drawMode":0,"name":"Shaded","section":"Shading Mode"},"sceneLighting":false,"audioPlay":false,"sceneViewState":{"showFog":false,"showMaterialUpdate":false,"showSkybox":false,"showFlares":false,"showImageEffects":false,"showParticleSystems":true},"in2DMode":false,"pivot":{"x":47.64165115356445,"y":15.542638778686524,"z":-57.65885543823242},"rotation":{"x":0.3568992018699646,"y":0.5659476518630981,"z":-0.29636114835739138,"w":0.6815397143363953},"size":92.3088607788086,"orthographic":true}