{"cameraMode":{"drawMode":0,"name":"Shaded","section":"Shading Mode"},"sceneLighting":true,"audioPlay":false,"sceneViewState":{"showFog":false,"showMaterialUpdate":false,"showSkybox":false,"showFlares":false,"showImageEffects":false,"showParticleSystems":true},"in2DMode":false,"pivot":{"x":-835.7594604492188,"y":-110.85942077636719,"z":-2014.78125},"rotation":{"x":-0.06287647783756256,"y":0.05087675526738167,"z":-0.0032094891648739578,"w":-0.9967185258865356},"size":77.47379302978516,"orthographic":true}