{"cameraMode":{"drawMode":0,"name":"Shaded","section":"Shading Mode"},"sceneLighting":false,"audioPlay":false,"sceneViewState":{"showFog":false,"showMaterialUpdate":false,"showSkybox":false,"showFlares":false,"showImageEffects":false,"showParticleSystems":true},"in2DMode":false,"pivot":{"x":8.861599922180176,"y":2.440000534057617,"z":-13.800000190734864},"rotation":{"x":0.21405258774757386,"y":-0.04920628294348717,"z":0.010796711780130864,"w":0.9755223393440247},"size":11.392005920410157,"orthographic":true}