{"cameraMode":{"drawMode":0,"name":"Shaded","section":"Shading Mode"},"sceneLighting":false,"audioPlay":false,"sceneViewState":{"showFog":false,"showMaterialUpdate":false,"showSkybox":false,"showFlares":false,"showImageEffects":false,"showParticleSystems":true},"in2DMode":false,"pivot":{"x":-23.712717056274415,"y":8.996464729309082,"z":-1240.60595703125},"rotation":{"x":0.19742658734321595,"y":-0.03968898206949234,"z":0.008001449517905712,"w":0.9794812202453613},"size":70.00676727294922,"orthographic":true}