{"cameraMode":{"drawMode":0,"name":"Shaded","section":"Shading Mode"},"sceneLighting":false,"audioPlay":false,"sceneViewState":{"showFog":false,"showMaterialUpdate":false,"showSkybox":false,"showFlares":false,"showImageEffects":false,"showParticleSystems":true},"in2DMode":false,"pivot":{"x":-230.67633056640626,"y":-15.83094596862793,"z":-545.232421875},"rotation":{"x":0.2975791096687317,"y":0.07008857280015946,"z":-0.021911727264523507,"w":0.9518687725067139},"size":1566.612548828125,"orthographic":true}