{"cameraMode":{"drawMode":0,"name":"Shaded","section":"Shading Mode"},"sceneLighting":false,"audioPlay":false,"sceneViewState":{"showFog":false,"showMaterialUpdate":false,"showSkybox":false,"showFlares":false,"showImageEffects":false,"showParticleSystems":true},"in2DMode":false,"pivot":{"x":-4.499999046325684,"y":1.7999999523162842,"z":109.69999694824219},"rotation":{"x":-0.025980444625020028,"y":0.9715356230735779,"z":-0.19795161485671998,"w":-0.1275102198123932},"size":22.0,"orthographic":true}