{"cameraMode":{"drawMode":0,"name":"Shaded","section":"Shading Mode"},"sceneLighting":false,"audioPlay":false,"sceneViewState":{"showFog":false,"showMaterialUpdate":false,"showSkybox":false,"showFlares":false,"showImageEffects":false,"showParticleSystems":true},"in2DMode":false,"pivot":{"x":-2.48150634765625,"y":9.272160530090332,"z":-1209.8345947265625},"rotation":{"x":-0.1720060110092163,"y":0.49746793508529665,"z":-0.10135974735021591,"w":-0.8441953659057617},"size":25.31995964050293,"orthographic":true}