{"cameraMode":{"drawMode":0,"name":"Shaded","section":"Shading Mode"},"sceneLighting":false,"audioPlay":false,"sceneViewState":{"showFog":false,"showMaterialUpdate":false,"showSkybox":false,"showFlares":false,"showImageEffects":false,"showParticleSystems":true},"in2DMode":false,"pivot":{"x":3.7544684410095217,"y":3.2780165672302248,"z":82.84384155273438},"rotation":{"x":0.16570675373077393,"y":-0.017156565561890603,"z":0.0028832503594458105,"w":0.9860216379165649},"size":34.499839782714847,"orthographic":true}