{"cameraMode":{"drawMode":0,"name":"Shaded","section":"Shading Mode"},"sceneLighting":false,"audioPlay":false,"sceneViewState":{"showFog":false,"showMaterialUpdate":false,"showSkybox":false,"showFlares":false,"showImageEffects":false,"showParticleSystems":true},"in2DMode":false,"pivot":{"x":-6.991951942443848,"y":9.121679306030274,"z":-38.441715240478519},"rotation":{"x":0.07889410853385925,"y":-0.11428427696228028,"z":0.009099074639379979,"w":0.9902687072753906},"size":51.48923873901367,"orthographic":true}