{"cameraMode":{"drawMode":0,"name":"Shaded","section":"Shading Mode"},"sceneLighting":false,"audioPlay":false,"sceneViewState":{"showFog":false,"showMaterialUpdate":false,"showSkybox":false,"showFlares":false,"showImageEffects":false,"showParticleSystems":true},"in2DMode":false,"pivot":{"x":-32.8474006652832,"y":0.06837749481201172,"z":-357.529052734375},"rotation":{"x":-0.3086993098258972,"y":0.37644249200820925,"z":-0.13464659452438355,"w":-0.8630563020706177},"size":58.85834503173828,"orthographic":false}