{"cameraMode":{"drawMode":0,"name":"Shaded","section":"Shading Mode"},"sceneLighting":false,"audioPlay":false,"sceneViewState":{"showFog":false,"showMaterialUpdate":false,"showSkybox":false,"showFlares":false,"showImageEffects":false,"showParticleSystems":true},"in2DMode":false,"pivot":{"x":2.109130859375,"y":259.471435546875,"z":-1007.51171875},"rotation":{"x":0.10093732178211212,"y":0.34882575273513796,"z":-0.03782028704881668,"w":0.9309682846069336},"size":23.393625259399415,"orthographic":true}