{"cameraMode":{"drawMode":0,"name":"Shaded","section":"Shading Mode"},"sceneLighting":false,"audioPlay":false,"sceneViewState":{"showFog":false,"showMaterialUpdate":false,"showSkybox":false,"showFlares":false,"showImageEffects":false,"showParticleSystems":true},"in2DMode":false,"pivot":{"x":160.15447998046876,"y":3.2780165672302248,"z":82.84384155273438},"rotation":{"x":-0.17569400370121003,"y":0.06492211669683457,"z":-0.011612423695623875,"w":-0.9822331666946411},"size":34.499839782714847,"orthographic":true}