{"cameraMode":{"drawMode":0,"name":"Shaded","section":"Shading Mode"},"sceneLighting":false,"audioPlay":false,"sceneViewState":{"showFog":false,"showMaterialUpdate":false,"showSkybox":false,"showFlares":false,"showImageEffects":false,"showParticleSystems":true},"in2DMode":false,"pivot":{"x":981.8363037109375,"y":-1352.5281982421875,"z":1245.6673583984375},"rotation":{"x":-5.946387826583077e-9,"y":0.5987985134124756,"z":3.370744128261549e-9,"w":0.8008997440338135},"size":23.367401123046876,"orthographic":true}