{"cameraMode":{"drawMode":0,"name":"Shaded","section":"Shading Mode"},"sceneLighting":false,"audioPlay":false,"sceneViewState":{"showFog":false,"showMaterialUpdate":false,"showSkybox":false,"showFlares":false,"showImageEffects":false,"showParticleSystems":true},"in2DMode":false,"pivot":{"x":9.163658142089844,"y":29.197534561157228,"z":-1201.890625},"rotation":{"x":0.15959343314170838,"y":0.5563679933547974,"z":-0.10988812148571015,"w":0.8080281019210815},"size":165.47854614257813,"orthographic":true}