{"cameraMode":{"drawMode":0,"name":"Shaded","section":"Shading Mode"},"sceneLighting":false,"audioPlay":false,"sceneViewState":{"showFog":false,"showMaterialUpdate":false,"showSkybox":false,"showFlares":false,"showImageEffects":false,"showParticleSystems":true},"in2DMode":false,"pivot":{"x":-13.860776901245118,"y":-7.593509197235107,"z":59.063167572021487},"rotation":{"x":-0.14721013605594636,"y":0.5598933100700378,"z":-0.10188580304384232,"w":-0.8089919686317444},"size":58.312808990478519,"orthographic":true}