{"cameraMode":{"drawMode":0,"name":"Shaded","section":"Shading Mode"},"sceneLighting":false,"audioPlay":false,"sceneViewState":{"showFog":false,"showMaterialUpdate":false,"showSkybox":false,"showFlares":false,"showImageEffects":false,"showParticleSystems":true},"in2DMode":false,"pivot":{"x":21.90203285217285,"y":1.2534894943237305,"z":127.71539306640625},"rotation":{"x":0.18485654890537263,"y":0.4006461501121521,"z":-0.08288493007421494,"w":0.893555223941803},"size":472.8558044433594,"orthographic":true}