{"cameraMode":{"drawMode":0,"name":"Shaded","section":"Shading Mode"},"sceneLighting":false,"audioPlay":false,"sceneViewState":{"showFog":false,"showMaterialUpdate":false,"showSkybox":false,"showFlares":false,"showImageEffects":false,"showParticleSystems":true},"in2DMode":false,"pivot":{"x":-39.5565299987793,"y":17.185874938964845,"z":-308.3753356933594},"rotation":{"x":0.27731361985206606,"y":-0.5252025127410889,"z":0.18607878684997559,"w":0.782709538936615},"size":36.77279281616211,"orthographic":false}