{"cameraMode":{"drawMode":0,"name":"Shaded","section":"Shading Mode"},"sceneLighting":false,"audioPlay":false,"sceneViewState":{"showFog":false,"showMaterialUpdate":false,"showSkybox":false,"showFlares":false,"showImageEffects":false,"showParticleSystems":true},"in2DMode":false,"pivot":{"x":13.573638916015625,"y":87.98390197753906,"z":-157.75912475585938},"rotation":{"x":0.08820416033267975,"y":0.06360477209091187,"z":-0.005643794313073158,"w":0.9940536618232727},"size":439.9111328125,"orthographic":true}