{"cameraMode":{"drawMode":0,"name":"Shaded","section":"Shading Mode"},"sceneLighting":false,"audioPlay":false,"sceneViewState":{"showFog":false,"showMaterialUpdate":false,"showSkybox":false,"showFlares":false,"showImageEffects":false,"showParticleSystems":true},"in2DMode":false,"pivot":{"x":-26.384849548339845,"y":14.840866088867188,"z":47.39004898071289},"rotation":{"x":-0.09923558682203293,"y":0.2228168100118637,"z":-0.02280888520181179,"w":-0.9695281386375427},"size":58.193233489990237,"orthographic":true}