{"cameraMode":{"drawMode":0,"name":"Shaded","section":"Shading Mode"},"sceneLighting":false,"audioPlay":false,"sceneViewState":{"showFog":false,"showMaterialUpdate":false,"showSkybox":false,"showFlares":false,"showImageEffects":false,"showParticleSystems":true},"in2DMode":false,"pivot":{"x":-113.05651092529297,"y":25.112667083740236,"z":-306.0907897949219},"rotation":{"x":-0.22754187881946565,"y":0.7001922726631165,"z":-0.25400465726852419,"w":-0.6272457838058472},"size":63.54601287841797,"orthographic":true}