{"cameraMode":{"drawMode":0,"name":"Shaded","section":"Shading Mode"},"sceneLighting":false,"audioPlay":false,"sceneViewState":{"showFog":false,"showMaterialUpdate":false,"showSkybox":false,"showFlares":false,"showImageEffects":false,"showParticleSystems":true},"in2DMode":false,"pivot":{"x":0.9020328521728516,"y":270.7885437011719,"z":-1011.4000244140625},"rotation":{"x":0.03224411979317665,"y":0.9527599811553955,"z":-0.1090877577662468,"w":0.2816178500652313},"size":84.62244415283203,"orthographic":true}