{"cameraMode":{"drawMode":0,"name":"Shaded","section":"Shading Mode"},"sceneLighting":false,"audioPlay":false,"sceneViewState":{"showFog":false,"showMaterialUpdate":false,"showSkybox":false,"showFlares":false,"showImageEffects":false,"showParticleSystems":true},"in2DMode":false,"pivot":{"x":14.549566268920899,"y":11.336297988891602,"z":36.24188232421875},"rotation":{"x":0.18349947035312653,"y":0.6404828429222107,"z":-0.16142332553863526,"w":0.7280468940734863},"size":24.846139907836915,"orthographic":true}