{"cameraMode":{"drawMode":0,"name":"Shaded","section":"Shading Mode"},"sceneLighting":false,"audioPlay":false,"sceneViewState":{"showFog":false,"showMaterialUpdate":false,"showSkybox":false,"showFlares":false,"showImageEffects":false,"showParticleSystems":true},"in2DMode":false,"pivot":{"x":-44.900001525878909,"y":-3.5,"z":-5.3000030517578129},"rotation":{"x":0.15551148355007173,"y":-0.18550704419612885,"z":0.029746709391474725,"w":0.9698033332824707},"size":2.8578836917877199,"orthographic":true}