{"cameraMode":{"drawMode":0,"name":"Shaded","section":"Shading Mode"},"sceneLighting":false,"audioPlay":false,"sceneViewState":{"showFog":false,"showMaterialUpdate":false,"showSkybox":false,"showFlares":false,"showImageEffects":false,"showParticleSystems":true},"in2DMode":false,"pivot":{"x":-9.075815200805664,"y":-3.133409261703491,"z":66.13654327392578},"rotation":{"x":-0.1808858960866928,"y":0.237252339720726,"z":-0.04501637816429138,"w":-0.9533966779708862},"size":28.942934036254884,"orthographic":true}