{"cameraMode":{"drawMode":0,"name":"Shaded","section":"Shading Mode"},"sceneLighting":false,"audioPlay":false,"sceneViewState":{"showFog":false,"showMaterialUpdate":false,"showSkybox":false,"showFlares":false,"showImageEffects":false,"showParticleSystems":true},"in2DMode":false,"pivot":{"x":-17.70000457763672,"y":3.8500003814697267,"z":-19.299999237060548},"rotation":{"x":0.21696314215660096,"y":-0.10082755237817764,"z":0.02253609150648117,"w":0.9706971645355225},"size":28.635038375854493,"orthographic":true}