{"cameraMode":{"drawMode":0,"name":"Shaded","section":"Shading Mode"},"sceneLighting":false,"audioPlay":false,"sceneViewState":{"showFog":false,"showMaterialUpdate":false,"showSkybox":false,"showFlares":false,"showImageEffects":false,"showParticleSystems":true},"in2DMode":false,"pivot":{"x":7.505466461181641,"y":4.299999713897705,"z":128.5},"rotation":{"x":0.06114965304732323,"y":-0.9341878890991211,"z":0.2920517325401306,"w":0.19560013711452485},"size":4.041658401489258,"orthographic":true}