{"cameraMode":{"drawMode":0,"name":"Shaded","section":"Shading Mode"},"sceneLighting":false,"audioPlay":false,"sceneViewState":{"showFog":false,"showMaterialUpdate":false,"showSkybox":false,"showFlares":false,"showImageEffects":false,"showParticleSystems":true},"in2DMode":false,"pivot":{"x":-34.98685836791992,"y":705.25,"z":456.3953552246094},"rotation":{"x":0.511561393737793,"y":0.48816537857055666,"z":-0.48816555738449099,"w":0.5115603804588318},"size":1403.400634765625,"orthographic":true}