{"cameraMode":{"drawMode":0,"name":"Shaded","section":"Shading Mode"},"sceneLighting":false,"audioPlay":false,"sceneViewState":{"showFog":false,"showMaterialUpdate":false,"showSkybox":false,"showFlares":false,"showImageEffects":false,"showParticleSystems":true},"in2DMode":false,"pivot":{"x":-10.829992294311524,"y":3.960003137588501,"z":-19.76018714904785},"rotation":{"x":0.21696314215660096,"y":-0.10082755237817764,"z":0.02253609150648117,"w":0.9706971645355225},"size":29.989742279052736,"orthographic":true}