{"cameraMode":{"drawMode":0,"name":"Shaded","section":"Shading Mode"},"sceneLighting":false,"audioPlay":false,"sceneViewState":{"showFog":false,"showMaterialUpdate":false,"showSkybox":false,"showFlares":false,"showImageEffects":false,"showParticleSystems":true},"in2DMode":false,"pivot":{"x":-18.70807647705078,"y":27.616172790527345,"z":-1458.42333984375},"rotation":{"x":0.09980923682451248,"y":-0.8504292368888855,"z":0.174605131149292,"w":0.4861288368701935},"size":107.97003173828125,"orthographic":true}