{"cameraMode":{"drawMode":0,"name":"Shaded","section":"Shading Mode"},"sceneLighting":false,"audioPlay":false,"sceneViewState":{"showFog":false,"showMaterialUpdate":false,"showSkybox":false,"showFlares":false,"showImageEffects":false,"showParticleSystems":true},"in2DMode":false,"pivot":{"x":-1.2238059043884278,"y":24.13660430908203,"z":-1049.83154296875},"rotation":{"x":0.24514105916023255,"y":0.5492472648620606,"z":-0.17261415719985963,"w":0.7800241708755493},"size":102.29000091552735,"orthographic":true}