{"cameraMode":{"drawMode":0,"name":"Shaded","section":"Shading Mode"},"sceneLighting":false,"audioPlay":false,"sceneViewState":{"showFog":false,"showMaterialUpdate":false,"showSkybox":false,"showFlares":false,"showImageEffects":false,"showParticleSystems":true},"in2DMode":false,"pivot":{"x":288.0,"y":129.49000549316407,"z":0.000035906967241317034},"rotation":{"x":0.13716349005699159,"y":0.32061880826950076,"z":-0.04698212444782257,"w":0.9360461831092835},"size":46.66904830932617,"orthographic":true}