{"cameraMode":{"drawMode":0,"name":"Shaded","section":"Shading Mode"},"sceneLighting":false,"audioPlay":false,"sceneViewState":{"showFog":false,"showMaterialUpdate":false,"showSkybox":false,"showFlares":false,"showImageEffects":false,"showParticleSystems":true},"in2DMode":false,"pivot":{"x":-18.799999237060548,"y":0.0,"z":22.399999618530275},"rotation":{"x":0.16199944913387299,"y":-0.09604725986719132,"z":0.015845198184251787,"w":0.981977641582489},"size":11.234689712524414,"orthographic":true}