{"cameraMode":{"drawMode":0,"name":"Shaded","section":"Shading Mode"},"sceneLighting":false,"audioPlay":false,"sceneViewState":{"showFog":false,"showMaterialUpdate":false,"showSkybox":false,"showFlares":false,"showImageEffects":false,"showParticleSystems":true},"in2DMode":false,"pivot":{"x":-6.8681793212890629,"y":362.36859130859377,"z":-455.8043212890625},"rotation":{"x":0.49742043018341067,"y":0.5019207000732422,"z":-0.4818507432937622,"w":0.5181393027305603},"size":2526.1376953125,"orthographic":true}