{"cameraMode":{"drawMode":0,"name":"Shaded","section":"Shading Mode"},"sceneLighting":false,"audioPlay":false,"sceneViewState":{"showFog":false,"showMaterialUpdate":false,"showSkybox":false,"showFlares":false,"showImageEffects":false,"showParticleSystems":true},"in2DMode":false,"pivot":{"x":-48.56749725341797,"y":-41.45934295654297,"z":-291.0145263671875},"rotation":{"x":0.11811571568250656,"y":0.4373282790184021,"z":-0.05806814879179001,"w":0.8896183371543884},"size":95.70000457763672,"orthographic":false}