{"cameraMode":{"drawMode":0,"name":"Shaded","section":"Shading Mode"},"sceneLighting":false,"audioPlay":false,"sceneViewState":{"showFog":false,"showMaterialUpdate":false,"showSkybox":false,"showFlares":false,"showImageEffects":false,"showParticleSystems":true},"in2DMode":false,"pivot":{"x":-3.4565277099609377,"y":8.705273628234864,"z":-1137.2890625},"rotation":{"x":0.014963737688958645,"y":-0.06893732398748398,"z":0.001034124637953937,"w":0.9975082874298096},"size":53.299259185791019,"orthographic":true}