{"cameraMode":{"drawMode":0,"name":"Shaded","section":"Shading Mode"},"sceneLighting":false,"audioPlay":false,"sceneViewState":{"showFog":false,"showMaterialUpdate":false,"showSkybox":false,"showFlares":false,"showImageEffects":false,"showParticleSystems":true},"in2DMode":false,"pivot":{"x":23.959716796875,"y":53.6123046875,"z":33.439453125},"rotation":{"x":0.010306296870112419,"y":-0.952090859413147,"z":0.3039315640926361,"w":0.03228701651096344},"size":11.507623672485352,"orthographic":true}