{"cameraMode":{"drawMode":0,"name":"Shaded","section":"Shading Mode"},"sceneLighting":false,"audioPlay":false,"sceneViewState":{"showFog":false,"showMaterialUpdate":false,"showSkybox":false,"showFlares":false,"showImageEffects":false,"showParticleSystems":true},"in2DMode":false,"pivot":{"x":-111.07726287841797,"y":202.5785369873047,"z":1281.3975830078125},"rotation":{"x":-0.02654963731765747,"y":0.9579327702522278,"z":-0.26976242661476138,"w":-0.09427760541439057},"size":25.706560134887697,"orthographic":true}