{"cameraMode":{"drawMode":0,"name":"Shaded","section":"Shading Mode"},"sceneLighting":false,"audioPlay":false,"sceneViewState":{"showFog":false,"showMaterialUpdate":false,"showSkybox":false,"showFlares":false,"showImageEffects":false,"showParticleSystems":true},"in2DMode":false,"pivot":{"x":29.716617584228517,"y":8.966901779174805,"z":-738.5936279296875},"rotation":{"x":-0.1272912323474884,"y":0.7512478828430176,"z":-0.15189476311206819,"w":-0.629564642906189},"size":18.18531036376953,"orthographic":true}